t,bin_idx,disp,rps_am,rps_bc,rps_tm,lam_fixed,rps_fixed,lam_adaptive,rps_adaptive
2012.0,4,0.7181287557048943,0.3341643521110299,0.295,0.3116670323875903,0.455,0.31321713111821115,1.0,0.295
2012.25,4,0.3382109182001837,0.3921821501561066,0.32860000000000006,0.40463497876197047,0.49,0.358591878891967,1.0,0.32860000000000006
2012.5,4,0.31183812372448977,0.3771014164229024,0.39096225,0.3916476404965405,0.545,0.38321593775036805,1.0,0.39096225
2012.75,4,0.18193624003460201,0.306226436366782,0.32777561000000005,0.294010290751813,0.535,0.31549634431127505,1.0,0.32777561000000005
2013.0,4,0.3720617234845497,0.23959163011834284,0.18856415999999998,0.2164213130310296,0.515,0.2100894152620743,1.0,0.18856415999999998
2013.25,4,0.23873557733877548,0.20481575235918362,0.17090000000000002,0.18938849119296308,0.555,0.18451757980949868,1.0,0.17090000000000002
2013.5,4,0.1522923079861112,0.13309068408179014,0.11784999999999998,0.12168548963045372,0.585,0.12300450185348635,1.0,0.11784999999999998
2013.75,4,0.20217489942520772,0.087892306101108,0.032500000000000015,0.06632387663837264,0.595,0.05110880135033953,1.0,0.032500000000000015
2014.0,4,0.28054764373645086,0.21297788853156271,0.21312499999999995,0.199136874708627,0.635,0.21105045747849557,1.0,0.21312499999999995
2014.25,4,0.19520411275476657,0.1792001641091387,0.18500000000000005,0.16752466002982047,0.635,0.18116051760702984,1.0,0.18500000000000005
2014.5,4,0.18167063814595663,0.31719724637080887,0.3443210000000001,0.32492149902042505,0.625,0.3336682846458951,1.0,0.3443210000000001
2014.75,4,0.1623189623070988,0.08612936145833332,0.04692499999999994,0.06698694111514379,0.605,0.05962657764653639,1.0,0.04692499999999994
2015.0,5,0.4825461377410469,0.6961075717906338,0.6644360000000001,0.680550105199672,0.635,0.6720719996905954,1.0,0.6644360000000001
2015.25,5,0.495072649231302,0.5435502510595568,0.544086,0.514978640248087,0.655,0.5416420830023638,1.0,0.544086
2015.5,5,0.3732137165265188,0.3614464087955406,0.3499000000000001,0.33918342437245047,0.65,0.3517264006855619,1.0,0.3499000000000001
2015.75,5,0.3524236339506172,0.4722883006172839,0.39940000000000014,0.4763009177328524,0.655,0.4215257628476388,1.0,0.39940000000000014
2016.0,5,0.298016401322133,0.364352902814098,0.33540000000000003,0.3519087788706259,0.705,0.3429850654673968,1.0,0.33540000000000003
2016.25,5,0.2665394996639883,0.24101626568480652,0.22249999999999998,0.2216575106009899,0.72,0.22632080214860778,1.0,0.22249999999999998
2016.5,5,0.17954355035510206,0.1625785472755102,0.13939999999999997,0.14671507546032117,0.73,0.14454257021067038,1.0,0.13939999999999997
2016.75,5,0.6209482401959183,0.11618332700408164,0.0925,0.0747709139940869,0.745,0.09563210739558327,1.0,0.0925
2017.0,4,0.1923363241959184,0.542224267077551,0.4781,0.5382898050734655,0.755,0.4926307100413299,1.0,0.4781
2017.25,4,0.20241533315555552,0.5806500870222222,0.5459312499999999,0.5883390804843426,0.795,0.5522709975058588,1.0,0.5459312499999999
2017.5,4,0.17824890975206611,0.18635202517906327,0.18060000000000004,0.15718876692597786,0.8150000000000001,0.1813441488981171,1.0,0.18060000000000004
2017.75,4,0.16107683349862253,0.09614666681359041,0.04359999999999998,0.0712695490778722,0.8200000000000001,0.05116096175021494,1.0,0.04359999999999998
2018.0,5,0.21612724888888882,0.1794900461333334,0.149425,0.16713815195932089,0.85,0.152870823038,1.0,0.149425
2018.25,5,0.3717818141260403,0.23544791305588592,0.16459999999999994,0.2189327640615112,0.865,0.17239210773268482,1.0,0.16459999999999994
2018.5,5,0.10443744555555559,0.13489272484444442,0.11552499999999997,0.12457121472325493,0.9,0.11718595924844447,1.0,0.11552499999999997
2018.75,5,0.05783607700312174,0.055229505015608735,0.03559999999999998,0.04166847047920283,0.91,0.037141344177723176,1.0,0.03559999999999998
2019.0,5,0.19471685208448128,0.15434392148760329,0.13466900000000004,0.14183134050522025,0.92,0.13580448400661163,1.0,0.13466900000000004
2019.25,5,0.278460237398225,0.14293427652519927,0.13167168983237937,0.1261569108979088,0.93,0.13180038751611559,1.0,0.13167168983237937
2019.5,5,0.1023069009693877,0.17156628829081638,0.19611225,0.16592593533007263,0.93,0.194225119402625,1.0,0.19611225
2019.75,5,0.12093957582222221,0.09075059840000001,0.061924999999999994,0.0782762822785932,0.915,0.06398751946343999,1.0,0.061924999999999994
2020.0,4,0.21623695309948984,0.5242128016198978,0.4726634999999999,0.5093119824434844,0.93,0.47612382642043743,1.0,0.4726634999999999
2020.25,4,1.4291566431955927,0.41440029899908165,0.41250000000000014,0.3526775815815838,0.96,0.41080843684203505,2.3490273619842873e-230,0.41440029899908165
2020.5,4,1.2134899530325443,0.9480189164053255,1.2406250000000005,1.014433762956021,0.935,1.218947512171813,0.0,0.9480189164053255
2020.75,4,0.6419042932692309,0.18398831912721889,0.10552500000000002,0.14977110781908368,0.76,0.1197221330894201,1.0,0.10552500000000002
2021.0,9,0.4217993968133173,3.7480730718430437,3.896,3.8054366917872207,0.795,3.8648260986821343,1.0,3.896
2021.25,9,0.9382657554455407,3.151172478129122,3.4678999999999998,3.2463883640216387,0.715,3.3719585933491922,3.867274578587707e-55,3.151172478129122
2021.5,9,0.9508902539158164,0.4777753740688776,0.41065000000000007,0.4121984096544135,0.55,0.4330054754810905,2.936858642283742e-56,0.4777753740688776
2021.75,9,0.8907130315500686,0.09741248285322357,0.010000000000000002,0.05096195816267588,0.58,0.03438765086419753,2.0820951172175508e-29,0.09741248285322357
2022.0,9,3.2016249143209876,0.8339149900548697,0.91980289,0.7213215564377609,0.615,0.8703310717618552,0.0,0.8339149900548697
2022.25,9,1.3964066990104165,0.1771099413715278,0.09767225,0.08467066831263696,0.5750000000000001,0.1227716933347114,7.520293787249996e-212,0.1771099413715278
2022.5,9,0.9955150612244899,0.036546816326530625,0.0056250000000000015,0.011918583501422402,0.605,0.01377559630306123,1.3364634726945278e-82,0.036546816326530625
2022.75,9,0.06483237311385455,0.007898765432098767,0.0,0.00246368791943503,0.615,0.0011707945061728397,1.0,0.0
2023.0,8,2.6110600194765428,0.4864671832054871,0.4209000000000001,0.42850101889884595,0.62,0.43540731195709464,0.0,0.4864671832054871
2023.25,8,0.7726095426414266,0.2711836264844993,0.16909999999999997,0.2466096474401567,0.64,0.2005339180990578,1.0,0.16909999999999997
2023.5,8,0.8829240662035666,0.27301515692071326,0.19240900000000005,0.24686672707871565,0.68,0.20925525630571812,1.0,0.19240900000000005
2023.75,8,0.42066864142222243,0.18928935728333335,0.08510000000000001,0.16041620691324232,0.705,0.10776603026508202,0.9999988245430392,0.08510007686016727
2024.0,7,0.634819689375,0.705378756036111,0.7725250000000001,0.7324713374755267,0.735,0.752478512232636,1.0,0.7725250000000001
2024.25,7,0.5943335016959997,0.28673444342400006,0.22410000000000002,0.25136475863874863,0.71,0.23999949145195842,1.0,0.22410000000000002
2024.5,7,0.3830392694562415,0.22585975245651582,0.12749999999999997,0.19615579550391446,0.73,0.14864694755407998,1.0,0.12749999999999997
2024.75,7,0.8002461823999998,0.423893488,0.5043000000000001,0.4169386077672382,0.76,0.47947559162879994,1.0,0.5043000000000001
2025.0,6,0.6174786226691644,0.25744598587375594,0.17368715240000004,0.23469095129323597,0.725,0.1925665147402703,1.0,0.17368715240000004
2025.25,6,0.5343131267972222,0.8843273400527777,1.126025,0.9720057345479906,0.755,1.0620000766054176,1.0,1.126025
2025.5,6,0.5746944685410175,0.34071750623531044,0.2926,0.3383765572450736,0.665,0.30561170577219776,1.0,0.2926
2025.75,6,0.2829272861410306,0.3256017262171007,0.256232925969,0.3331978782411894,0.68,0.2756006379526754,1.0,0.256232925969
